<tipSet version="1">
  <tip id="SettingsPagePCSystemDisplay" condition="not(platform match 'surfaceHub')">
    <title>Спите лучше</title>
    <content>
      <p>Ночной свет поможет вам заснуть, отображая ночью более теплые цвета. Выберите "Параметры ночного света", чтобы настроить эту функцию.</p>
    </content>
  </tip>
  <tip id="SettingsPageAppsNotifications">
    <title>Получение нужных вам уведомлений</title>
    <content>
      <p>Чтобы приложение начало присылать вам уведомления, перейдите в раздел "Получать уведомления от этих отправителей" и выберите соответствующее приложение.</p>
    </content>
  </tip>
  <tip id="SettingsPageScreenPowerAndSleep">
    <title>Экономия энергии и заряда батареи</title>
    <content>
      <p>Увеличьте время работы от батареи, выбрав более короткое время отключения экрана и спящего режима.</p>
    </content>
  </tip>
  <tip id="SettingsPageStorageSenseStorageOverview" condition="not(platform match 'hololens')">
    <title>Удалите лишнее с компьютера</title>
    <content>
      <p>Если контроль памяти включен, он будет освобождать пространство, только если на вашем ПК недостаточно места. Чтобы удалить неиспользуемые файлы, выберите "Настроить контроль памяти или запустить его" &gt; "Очистить".</p>
    </content>
  </tip>
  <tip id="SettingsPagePCSystemShellMode">
    <title>Что такое режим планшета?</title>
    <content>
      <p>Режим планшета оптимизирует ваше устройство для сенсорного ввода, избавляя от необходимости использовать клавиатуру и мышь. Если режим планшета включен, приложения открываются в полноэкранном режиме, значки на панели задач и рабочем столе уменьшаются в размерах.</p>
    </content>
  </tip>
  <tip id="SettingsPageMultiTasking">
    <title>Упорядочивание рабочего стола</title>
    <content>
      <p>Для переключения между открытыми приложениями нажмите кнопку "Представление задач" на панели задач или нажмите клавиши Alt + Tab.</p>
    </content>
  </tip>
  <tip id="SettingsPageDevices" condition="not(platform match '(hololens)|(surfaceHub)')">
    <title>Включайте Bluetooth еще быстрее</title>
    <content>
      <p>Чтобы включить или выключить Bluetooth, не открывая раздел "Параметры", откройте центр уведомлений и выберите значок Bluetooth.</p>
    </content>
  </tip>
  <tip id="SettingsPageDevicesPrinters">
    <title>Устранение неполадок принтера</title>
    <content>
      <p>Если принтер не работает, попробуйте запустить средство устранения неполадок принтера.</p>
    </content>
    <cta href="ms-settings:troubleshoot">
      <text>Открыть параметры средства устранения неполадок</text>
    </cta>
  </tip>
  <tip id="SettingsPageDevicesTouchpad">
    <title>Возможности сенсорного ввода</title>
    <content>
      <p>Проведите тремя пальцами вверх, чтобы отобразить все открытые приложения, или один раз коснитесь приложения двумя пальцами, чтобы выполнить щелчок правой кнопкой мыши.</p>
    </content>
    <cta href="https://go.microsoft.com/fwlink/p/?linkid=2005515&amp;ocid=SettingsTips-BingIA">
      <text>Узнайте о других жестах</text>
    </cta>
  </tip>
  <tip id="SettingsPageManagePhone">
    <title>Просмотр фотографий и отправка SMS</title>
    <content>
      <p>Просматривайте фотографии и отправляется SMS с телефона Android. Выберите "Добавить телефон" для настройки.</p>
    </content>
  </tip>
  <tip id="SettingsPageNetworkWiFi" condition="platform match 'desktop'">
    <title>Подключение к беспроводной сети</title>
    <content>
      <p>Если вы не видите нужную беспроводную сеть, выберите "Показать доступные сети", выберите необходимую сеть и нажмите кнопку "Подключиться".</p>
    </content>
  </tip>
  <tip id="SettingsPageThemes">
    <title>Настройте Windows на свой лад</title>
    <content>
      <p>Скачайте бесплатные темы из Microsoft Store, состоящие из обоев, звуков и цветов</p>
    </content>
  </tip>
  <tip id="SettingsPageAppsDefaults">
    <title>Выбор приложений по умолчанию</title>
    <content>
      <p>Выберите приложения для прослушивания музыки, просмотра фотографий и видео, проверки почты и т. д.</p>
      <p>Если вы хотите вернуться к приложениям по умолчанию, которые рекомендует корпорация Майкрософт, используйте функцию сброса.</p>
    </content>
  </tip>
  <tip id="SettingsPageSignInOptions" condition="not(platform match 'hololens')">
    <title>Быстрая блокировка компьютера</title>
    <content>
      <p>Чтобы защитить ваши личные сведения и обеспечить безопасность устройства, нажмите клавишу с логотипом Windows + L, перед тем как отходить от компьютера.</p>
    </content>
  </tip>
  <tip id="SettingsPageAccountsEmailApp" condition="not(platform match 'hololens')">
    <title>Измените приложения по умолчанию</title>
    <content>
      <p>Чтобы выбрать приложения по умолчанию для открытия файлов, ссылок и выполнения других действий, перейдите в раздел "Параметры приложения по умолчанию".</p>
    </content>
    <cta href="ms-settings:defaultapps">
      <text>Открыть "Параметры приложения по умолчанию"</text>
    </cta>
  </tip>
  <tip id="SettingsPageEaseOfAccessNarrator">
    <title>Читайте быстрее в режиме сканирования</title>
    <content>
      <p>Включите экранный диктор и нажмите клавишу CAPS LOCK+ПРОБЕЛ, чтобы включить режим сканирования. Затем нажмите клавишу СТРЕЛКА ВВЕРХ и СТРЕЛКА ВНИЗ, чтобы прочитать все содержимое приложения или веб-страницы.</p>
    </content>
  </tip>
  <tip id="SettingsPageWindowsDefender">
    <title>Защитите ваш компьютер</title>
    <content>
      <p>Система безопасности Windows предоставляет параметры для вашей защиты в Интернете, поддержки работоспособности устройства, выполнения периодических проверок, управления параметрами защита от угроз и т. д.</p>
    </content>
  </tip>
  <tip id="SettingsPageRestoreOneBackup">
    <title>Выберите оптимальный вариант резервного копирования для вас</title>
    <content>
      <p>Чтобы Windows сохраняла резервные копии ваших файлов в безопасном расположении, укажите, где должны сохраняться файлы: в облаке, на внешнем запоминающем устройстве или в сети.</p>
    </content>
    <cta href="https://support.microsoft.com/help/4521035/">
      <text>Подробнее о вариантах резервного копирования</text>
    </cta>
  </tip>
  <tip id="SettingsPageRestoreRestore" condition="not(platform match '(hololens)|(surfaceHub)')">
    <title>Исправление проблем без возврата компьютера в исходное состояние</title>
    <content>
      <p>Возврат компьютера в исходное состояние может занять некоторое время. Если вы еще не сделали этого, попробуйте сначала запустить средство устранения неполадок.</p>
    </content>
    <cta href="ms-settings:troubleshoot" reportingName="Troubleshoot" tags="CTA=button;product=windows">
      <text>Устранение неполадок</text>
    </cta>
  </tip>
  <tip id="SettingsPageActivate">
    <title>Где ключ продукта?</title>
    <content>
      <p>В зависимости от того, как вы получили Windows, во время активация потребуется цифровая лицензия или ключ продукта.</p>
    </content>
    <cta href="https://support.microsoft.com/help/12440?ocid=ActivationTipinSettings">
      <text>Подробнее об активации</text>
    </cta>
  </tip>
</tipSet>