{"url":"https://api.github.com/repos/microsoft/PowerToys/releases/56943054","assets_url":"https://api.github.com/repos/microsoft/PowerToys/releases/56943054/assets","upload_url":"https://uploads.github.com/repos/microsoft/PowerToys/releases/56943054/assets{?name,label}","html_url":"https://github.com/microsoft/PowerToys/releases/tag/v0.53.3","id":56943054,"author":{"login":"crutkas","id":1462282,"node_id":"MDQ6VXNlcjE0NjIyODI=","avatar_url":"https://avatars.githubusercontent.com/u/1462282?v=4","gravatar_id":"","url":"https://api.github.com/users/crutkas","html_url":"https://github.com/crutkas","followers_url":"https://api.github.com/users/crutkas/followers","following_url":"https://api.github.com/users/crutkas/following{/other_user}","gists_url":"https://api.github.com/users/crutkas/gists{/gist_id}","starred_url":"https://api.github.com/users/crutkas/starred{/owner}{/repo}","subscriptions_url":"https://api.github.com/users/crutkas/subscriptions","organizations_url":"https://api.github.com/users/crutkas/orgs","repos_url":"https://api.github.com/users/crutkas/repos","events_url":"https://api.github.com/users/crutkas/events{/privacy}","received_events_url":"https://api.github.com/users/crutkas/received_events","type":"User","site_admin":false},"node_id":"RE_kwDOCv6UO84DZOHO","tag_name":"v0.53.3","target_commitish":"stable","name":"Release v0.53.3","draft":false,"prerelease":false,"created_at":"2022-01-11T23:11:53Z","published_at":"2022-01-12T17:58:41Z","assets":[{"url":"https://api.github.com/repos/microsoft/PowerToys/releases/assets/53811618","id":53811618,"node_id":"RA_kwDOCv6UO84DNRmi","name":"PowerToysSetup-0.53.3-x64.exe","label":null,"uploader":{"login":"crutkas","id":1462282,"node_id":"MDQ6VXNlcjE0NjIyODI=","avatar_url":"https://avatars.githubusercontent.com/u/1462282?v=4","gravatar_id":"","url":"https://api.github.com/users/crutkas","html_url":"https://github.com/crutkas","followers_url":"https://api.github.com/users/crutkas/followers","following_url":"https://api.github.com/users/crutkas/following{/other_user}","gists_url":"https://api.github.com/users/crutkas/gists{/gist_id}","starred_url":"https://api.github.com/users/crutkas/starred{/owner}{/repo}","subscriptions_url":"https://api.github.com/users/crutkas/subscriptions","organizations_url":"https://api.github.com/users/crutkas/orgs","repos_url":"https://api.github.com/users/crutkas/repos","events_url":"https://api.github.com/users/crutkas/events{/privacy}","received_events_url":"https://api.github.com/users/crutkas/received_events","type":"User","site_admin":false},"content_type":"application/x-msdownload","state":"uploaded","size":46861472,"download_count":53036,"created_at":"2022-01-12T17:51:07Z","updated_at":"2022-01-12T17:51:18Z","browser_download_url":"https://github.com/microsoft/PowerToys/releases/download/v0.53.3/PowerToysSetup-0.53.3-x64.exe"}],"tarball_url":"https://api.github.com/repos/microsoft/PowerToys/tarball/v0.53.3","zipball_url":"https://api.github.com/repos/microsoft/PowerToys/zipball/v0.53.3","body":"This is a patch release to fix issues in v0.53.3 we deemed important for stability based on user feedback.  See [v0.53.1](https://github.com/microsoft/PowerToys/releases/tag/v0.53.1) for full release notes.\r\n\r\n- #15364 - PowerToys Run perf regression due to disabling list virtualization to improve scroll speed on some computers\r\n- #15305 - PowerToys Run Uri plugin had an exception with a bad format.\r\n- #15344 - PowerToys Run crashes due to duplicate key.  This was due to community driven plugin having the same name as one of our plugins.\r\n\r\n## Installer SHA256 Hash\r\n\r\n4CA9B08C66AF900C062956EDE0887DE804CD8DCF0F561BC2FC1CB73038883132","reactions":{"url":"https://api.github.com/repos/microsoft/PowerToys/releases/56943054/reactions","total_count":115,"+1":50,"-1":0,"laugh":2,"hooray":15,"confused":0,"heart":21,"rocket":13,"eyes":14}}